{
	"parent": "block/thin_block",
	"textures": {
		"particle": "block/jungle_trapdoor",
		"texture": "block/jungle_trapdoor"
	},
	"elements": [ 	 
		{
			"__comment": "Element",
			"from": [ 0, 0, 12.9999 ],
			"to": [ 3, 16, 15.9999 ],
			"faces": {
				"down": { "uv": [ 0, 13, 3, 16 ], "texture": "#texture" },
				"up": { "uv": [ 16, 16, 13, 13 ], "texture": "#texture" },
				"north": { "uv": [ 3, 16, 0, 0 ], "texture": "#texture" },
				"south": { "uv": [ 0, 0, 3, 16 ], "texture": "#texture" },
				"west": { "uv": [ 0, 0, 16, 3 ], "texture": "#texture", "rotation": 270 },
				"east": { "uv": [ 0, 0, 16, 3 ], "texture": "#texture", "rotation": 90 }
			}
		},
		{
			"__comment": "Element",
			"from": [ 13, 0, 12.9999 ],
			"to": [ 16, 16, 15.9999 ],
			"faces": {
				"down": { "uv": [ 13, 13, 16, 16 ], "texture": "#texture" },
				"up": { "uv": [ 3, 16, 0, 13 ], "texture": "#texture" },
				"north": { "uv": [ 16, 16, 13, 0 ], "texture": "#texture" },
				"south": { "uv": [ 13, 0, 16, 16 ], "texture": "#texture" },
				"west": { "uv": [ 0, 0, 16, 3 ], "texture": "#texture", "rotation": 270 },
				"east": { "uv": [ 0, 0, 16, 3 ], "texture": "#texture", "rotation": 90 }
			}
		},
		{
			"__comment": "Element",
			"from": [ 3, 13, 12.9999 ],
			"to": [ 13, 16, 15.9999 ],
			"faces": {
				"down": { "uv": [ 3, 0, 13, 3 ], "texture": "#texture", "rotation": 180 },
				"up": { "uv": [ 13, 3, 3, 0 ], "texture": "#texture", "rotation": 180 },
				"north": { "uv": [ 13.5, 3, 3.5, 0 ], "texture": "#texture", "rotation": 180 },
				"south": { "uv": [ 3, 0, 13, 3 ], "texture": "#texture" }
			}
		},
		{
			"__comment": "Element",
			"from": [ 3, 0, 13.0002 ],
			"to": [ 13, 4, 16.0002 ],
			"faces": {
				"down": { "uv": [ 3, 0, 13, 3 ], "texture": "#texture", "rotation": 180 },
				"up": { "uv": [ 13, 3, 3, 0 ], "texture": "#texture", "rotation": 180 },
				"north": { "uv": [ 13, 16, 3, 12 ], "texture": "#texture", "rotation": 180 },
				"south": { "uv": [ 3, 12, 13, 16 ], "texture": "#texture" }
			}
		},
		{
			"__comment": "Element",
			"from": [ 3, 4, 13.0001 ],
			"to": [ 4, 9, 16.0001 ],
			"faces": {
				"up": { "uv": [ 13, 16, 12, 13 ], "texture": "#texture" },
				"north": { "uv": [ 3, 9, 2, 4 ], "texture": "#texture" },
				"south": { "uv": [ 3, 7, 4, 12 ], "texture": "#texture" },
				"east": { "uv": [ 1, 9, 4, 15 ], "texture": "#texture" }
			}
		},
		{
			"__comment": "Element",
			"from": [ 12, 4, 13.0001 ],
			"to": [ 13, 9, 16.0001 ],
			"faces": {
				"up": { "uv": [ 4, 16, 3, 13 ], "texture": "#texture" },
				"north": { "uv": [ 14, 9, 13, 4 ], "texture": "#texture" },
				"south": { "uv": [ 12, 7, 13, 12 ], "texture": "#texture" },
				"west": { "uv": [ 7.5, 0, 12.5, 3 ], "texture": "#texture", "rotation": 90 }
			}
		},
		{
			"__comment": "Element",
			"from": [ 9, 4, 13 ],
			"to": [ 10, 13, 16 ],
			"faces": {
				"north": { "uv": [ 10, 13, 9, 4 ], "texture": "#texture" },
				"south": { "uv": [ 9, 3, 10, 12 ], "texture": "#texture" },
				"west": { "uv": [ 1, 8, 4, 15 ], "texture": "#texture", "rotation": 180 },
				"east": { "uv": [ 1, 8, 4, 15 ], "texture": "#texture" }
			}
		},
		{
			"__comment": "Element",
			"from": [ 6, 4, 13 ],
			"to": [ 7, 13, 16 ],
			"faces": {
				"north": { "uv": [ 7, 13, 6, 4 ], "texture": "#texture" },
				"south": { "uv": [ 6, 3, 7, 12 ], "texture": "#texture" },
				"west": { "uv": [ 1, 8, 4, 15 ], "texture": "#texture", "rotation": 180 },
				"east": { "uv": [ 1, 8, 4, 15 ], "texture": "#texture" }
			}
		},
		{
			"__comment": "Element",
			"from": [ 4, 4, 13.0002 ],
			"to": [ 5, 5, 16.0002 ],
			"faces": {
				"up": { "uv": [ 12, 16, 11, 13 ], "texture": "#texture" },
				"north": { "uv": [ 4, 4, 3, 3 ], "texture": "#texture" },
				"south": { "uv": [ 4, 11, 5, 12 ], "texture": "#texture" },
				"east": { "uv": [ 4, 13, 5, 16 ], "texture": "#texture", "rotation": 270 }
			}
		},
		{
			"__comment": "Element",
			"from": [ 4, 7, 13.0001 ],
			"to": [ 6, 9, 16.0001 ],
			"faces": {
				"down": { "uv": [ 1, 10, 3, 13 ], "texture": "#texture" },
				"up": { "uv": [ 3, 13, 1, 10 ], "texture": "#texture" },
				"north": { "uv": [ 6, 9, 4, 7 ], "texture": "#texture" },
				"south": { "uv": [ 4, 7, 6, 9 ], "texture": "#texture" }
			}
		},
		{
			"__comment": "Element",
			"from": [ 10, 7, 13.0001 ],
			"to": [ 12, 9, 16.0001 ],
			"faces": {
				"down": { "uv": [ 1, 10, 3, 13 ], "texture": "#texture" },
				"up": { "uv": [ 3, 13, 1, 10 ], "texture": "#texture" },
				"north": { "uv": [ 12, 9, 10, 7 ], "texture": "#texture" },
				"south": { "uv": [ 10, 7, 12, 9 ], "texture": "#texture" }
			}
		},
		{
			"__comment": "Element",
			"from": [ 11, 4, 13.0002 ],
			"to": [ 12, 5, 16.0002 ],
			"faces": {
				"up": { "uv": [ 5, 16, 4, 13 ], "texture": "#texture" },
				"north": { "uv": [ 13, 4, 12, 3 ], "texture": "#texture" },
				"south": { "uv": [ 11, 11, 12, 12 ], "texture": "#texture" },
				"west": { "uv": [ 11, 13, 12, 16 ], "texture": "#texture", "rotation": 90 }
			}
		},
		{
			"__comment": "Element",
			"from": [ 7, 7, 13.0001 ],
			"to": [ 9, 9, 16.0001 ],
			"faces": {
				"down": { "uv": [ 1, 10, 3, 13 ], "texture": "#texture" },
				"up": { "uv": [ 3, 13, 1, 10 ], "texture": "#texture" },
				"north": { "uv": [ 9, 9, 7, 7 ], "texture": "#texture" },
				"south": { "uv": [ 7, 7, 9, 9 ], "texture": "#texture" }
			}
		},
		{
			"__comment": "Element",
			"from": [ 3, 12, 13 ],
			"to": [ 5, 13, 16 ],
			"faces": {
				"down": { "uv": [ 3, 13, 5, 16 ], "texture": "#texture" },
				"north": { "uv": [ 5, 13, 3, 12 ], "texture": "#texture" },
				"south": { "uv": [ 3, 3, 5, 4 ], "texture": "#texture" },
				"east": { "uv": [ 12, 13, 13, 16 ], "texture": "#texture", "rotation": 270 }
			}
		},
		{
			"__comment": "Element",
			"from": [ 3, 11, 13 ],
			"to": [ 4, 12, 16 ],
			"faces": {
				"down": { "uv": [ 3, 0, 4, 3 ], "texture": "#texture" },
				"north": { "uv": [ 4, 12, 3, 11 ], "texture": "#texture" },
				"south": { "uv": [ 3, 4, 4, 5 ], "texture": "#texture" },
				"east": { "uv": [ 11, 0, 12, 3 ], "texture": "#texture", "rotation": 270 }
			}
		},
		{
			"__comment": "Element",
			"from": [ 11, 12, 13 ],
			"to": [ 13, 13, 16 ],
			"faces": {
				"down": { "uv": [ 11, 13, 13, 16 ], "texture": "#texture" },
				"north": { "uv": [ 13, 13, 11, 12 ], "texture": "#texture" },
				"south": { "uv": [ 11, 3, 13, 4 ], "texture": "#texture" },
				"west": { "uv": [ 3, 13, 4, 16 ], "texture": "#texture", "rotation": 90 }
			}
		},
		{
			"__comment": "Element",
			"from": [ 12, 11, 13 ],
			"to": [ 13, 12, 16 ],
			"faces": {
				"down": { "uv": [ 12, 13, 13, 16 ], "texture": "#texture" },
				"north": { "uv": [ 13, 12, 12, 11 ], "texture": "#texture" },
				"south": { "uv": [ 12, 4, 13, 5 ], "texture": "#texture" },
				"west": { "uv": [ 4, 13, 5, 16 ], "texture": "#texture", "rotation": 90 }
			}
		}
	]
}